{"initial_reset_timestamp": 1523863410.6474454, "timestamps": [1523863413.7817843], "episode_lengths": [200], "episode_rewards": [200.0], "episode_types": ["t"]}